{"cameraMode":{"drawMode":0,"name":"Shaded","section":"Shading Mode"},"sceneLighting":true,"audioPlay":false,"sceneViewState":{"showFog":true,"showMaterialUpdate":true,"showSkybox":true,"showFlares":true,"showImageEffects":true,"showParticleSystems":true},"in2DMode":false,"pivot":{"x":-4.733222961425781,"y":2.5306289196014406,"z":8.624951362609864},"rotation":{"x":-0.1160028800368309,"y":-0.049453724175691608,"z":0.0057584261521697048,"w":-0.9920867085456848},"size":15.860939979553223,"orthographic":false}