{"cameraMode":{"drawMode":0,"name":"Shaded","section":"Shading Mode"},"sceneLighting":true,"audioPlay":false,"sceneViewState":{"showFog":true,"showMaterialUpdate":true,"showSkybox":true,"showFlares":true,"showImageEffects":true,"showParticleSystems":true},"in2DMode":false,"pivot":{"x":0.8714272975921631,"y":3.0148069858551027,"z":3.2484161853790285},"rotation":{"x":-0.20997121930122376,"y":-0.24595916271209718,"z":0.05467298999428749,"w":-0.9446946382522583},"size":5.165121555328369,"orthographic":false}