{"cameraMode":{"drawMode":0,"name":"Shaded","section":"Shading Mode"},"sceneLighting":true,"audioPlay":false,"sceneViewState":{"showFog":true,"showMaterialUpdate":true,"showSkybox":true,"showFlares":true,"showImageEffects":true,"showParticleSystems":true},"in2DMode":false,"pivot":{"x":-0.8793420791625977,"y":7.388659477233887,"z":8.324246406555176},"rotation":{"x":0.015412039123475552,"y":-0.15418080985546113,"z":-0.002429333282634616,"w":-0.9880064725875855},"size":18.546144485473634,"orthographic":false}