{"cameraMode":{"drawMode":0,"name":"Shaded","section":"Shading Mode"},"sceneLighting":false,"audioPlay":false,"sceneViewState":{"showFog":true,"showMaterialUpdate":true,"showSkybox":false,"showFlares":true,"showImageEffects":true,"showParticleSystems":true},"in2DMode":false,"pivot":{"x":-2.2100000381469728,"y":4.509040832519531,"z":12.890999794006348},"rotation":{"x":-0.1160028800368309,"y":-0.049453724175691608,"z":0.0057584261521697048,"w":-0.9920867085456848},"size":12.242803573608399,"orthographic":false}