{"cameraMode":{"drawMode":0,"name":"Shaded","section":"Shading Mode"},"sceneLighting":true,"audioPlay":false,"sceneViewState":{"showFog":true,"showMaterialUpdate":true,"showSkybox":true,"showFlares":true,"showImageEffects":true,"showParticleSystems":true},"in2DMode":false,"pivot":{"x":-5.940000057220459,"y":4.46999979019165,"z":21.690000534057618},"rotation":{"x":-0.2953282296657562,"y":0.08127397298812866,"z":-0.025229964405298234,"w":-0.9516885280609131},"size":32.92158508300781,"orthographic":false}